image_path,target
cloud/cloud_0.jpeg,0
cloud/cloud_1.jpeg,0
cloud/cloud_10.jpeg,0
cloud/cloud_100.jpeg,0
cloud/cloud_101.jpeg,0
cloud/cloud_102.jpeg,0
cloud/cloud_103.jpeg,0
cloud/cloud_104.jpeg,0
cloud/cloud_105.jpeg,0
cloud/cloud_106.jpeg,0
cloud/cloud_107.jpeg,0
cloud/cloud_108.jpeg,0
cloud/cloud_109.jpeg,0
cloud/cloud_11.jpeg,0
cloud/cloud_110.jpeg,0
cloud/cloud_111.jpeg,0
cloud/cloud_112.jpeg,0
cloud/cloud_113.jpeg,0
cloud/cloud_114.jpeg,0
cloud/cloud_115.jpeg,0
cloud/cloud_116.jpeg,0
cloud/cloud_117.jpeg,0
cloud/cloud_118.jpeg,0
cloud/cloud_119.jpeg,0
cloud/cloud_12.jpeg,0
cloud/cloud_120.jpeg,0
cloud/cloud_121.jpeg,0
cloud/cloud_122.jpeg,0
cloud/cloud_123.jpeg,0
cloud/cloud_124.jpeg,0
cloud/cloud_125.jpeg,0
cloud/cloud_126.jpeg,0
cloud/cloud_127.jpeg,0
cloud/cloud_128.jpeg,0
cloud/cloud_129.jpeg,0
cloud/cloud_13.jpeg,0
cloud/cloud_130.jpeg,0
cloud/cloud_131.jpeg,0
cloud/cloud_132.jpeg,0
cloud/cloud_133.jpeg,0
cloud/cloud_134.jpeg,0
cloud/cloud_135.jpeg,0
cloud/cloud_136.jpeg,0
cloud/cloud_137.jpeg,0
cloud/cloud_138.jpeg,0
cloud/cloud_139.jpeg,0
cloud/cloud_14.jpeg,0
cloud/cloud_140.jpeg,0
cloud/cloud_141.jpeg,0
cloud/cloud_142.jpeg,0
cloud/cloud_143.jpeg,0
cloud/cloud_144.jpeg,0
cloud/cloud_145.jpeg,0
cloud/cloud_146.jpeg,0
cloud/cloud_147.jpeg,0
cloud/cloud_148.jpeg,0
cloud/cloud_149.jpeg,0
cloud/cloud_15.jpeg,0
cloud/cloud_150.jpeg,0
cloud/cloud_151.jpeg,0
cloud/cloud_152.jpeg,0
cloud/cloud_153.jpeg,0
cloud/cloud_154.jpeg,0
cloud/cloud_155.jpeg,0
cloud/cloud_156.jpeg,0
cloud/cloud_157.jpeg,0
cloud/cloud_158.jpeg,0
cloud/cloud_159.jpeg,0
cloud/cloud_16.jpeg,0
cloud/cloud_160.jpeg,0
cloud/cloud_161.jpeg,0
cloud/cloud_162.jpeg,0
cloud/cloud_163.jpeg,0
cloud/cloud_164.jpeg,0
cloud/cloud_165.jpeg,0
cloud/cloud_166.jpeg,0
cloud/cloud_167.jpeg,0
cloud/cloud_168.jpeg,0
cloud/cloud_169.jpeg,0
cloud/cloud_17.jpeg,0
cloud/cloud_170.jpeg,0
cloud/cloud_171.jpeg,0
cloud/cloud_172.jpeg,0
cloud/cloud_173.jpeg,0
cloud/cloud_174.jpeg,0
cloud/cloud_175.jpeg,0
cloud/cloud_176.jpeg,0
cloud/cloud_177.jpeg,0
cloud/cloud_178.jpeg,0
cloud/cloud_179.jpeg,0
cloud/cloud_18.jpeg,0
cloud/cloud_180.jpeg,0
cloud/cloud_181.jpeg,0
cloud/cloud_182.jpeg,0
cloud/cloud_183.jpeg,0
cloud/cloud_184.jpeg,0
cloud/cloud_185.jpeg,0
cloud/cloud_186.jpeg,0
cloud/cloud_187.jpeg,0
cloud/cloud_188.jpeg,0
cloud/cloud_189.jpeg,0
cloud/cloud_19.jpeg,0
cloud/cloud_190.jpeg,0
cloud/cloud_191.jpeg,0
cloud/cloud_192.jpeg,0
cloud/cloud_193.jpeg,0
cloud/cloud_194.jpeg,0
cloud/cloud_195.jpeg,0
cloud/cloud_196.jpeg,0
cloud/cloud_197.jpeg,0
cloud/cloud_198.jpeg,0
cloud/cloud_199.jpeg,0
cloud/cloud_2.jpeg,0
cloud/cloud_20.jpeg,0
cloud/cloud_200.jpeg,0
cloud/cloud_201.jpeg,0
cloud/cloud_202.jpeg,0
cloud/cloud_203.jpeg,0
cloud/cloud_204.jpeg,0
cloud/cloud_205.jpeg,0
cloud/cloud_206.jpeg,0
cloud/cloud_207.jpeg,0
cloud/cloud_208.jpeg,0
cloud/cloud_209.jpeg,0
cloud/cloud_21.jpeg,0
cloud/cloud_210.jpeg,0
cloud/cloud_211.jpeg,0
cloud/cloud_212.jpeg,0
cloud/cloud_213.jpeg,0
cloud/cloud_214.jpeg,0
cloud/cloud_215.jpeg,0
cloud/cloud_216.jpeg,0
cloud/cloud_217.jpeg,0
cloud/cloud_218.jpeg,0
cloud/cloud_219.jpeg,0
cloud/cloud_22.jpeg,0
cloud/cloud_220.jpeg,0
cloud/cloud_221.jpeg,0
cloud/cloud_222.jpeg,0
cloud/cloud_223.jpeg,0
cloud/cloud_224.jpeg,0
cloud/cloud_225.jpeg,0
cloud/cloud_226.jpeg,0
cloud/cloud_227.jpeg,0
cloud/cloud_228.jpeg,0
cloud/cloud_229.jpeg,0
cloud/cloud_23.jpeg,0
cloud/cloud_230.jpeg,0
cloud/cloud_231.jpeg,0
cloud/cloud_232.jpeg,0
cloud/cloud_233.jpeg,0
cloud/cloud_234.jpeg,0
cloud/cloud_235.jpeg,0
cloud/cloud_236.jpeg,0
cloud/cloud_237.jpeg,0
cloud/cloud_238.jpeg,0
cloud/cloud_239.jpeg,0
cloud/cloud_24.jpeg,0
cloud/cloud_240.jpeg,0
cloud/cloud_241.jpeg,0
cloud/cloud_242.jpeg,0
cloud/cloud_243.jpeg,0
cloud/cloud_244.jpeg,0
cloud/cloud_245.jpeg,0
cloud/cloud_246.jpeg,0
cloud/cloud_247.jpeg,0
cloud/cloud_248.jpeg,0
cloud/cloud_249.jpeg,0
cloud/cloud_25.jpeg,0
cloud/cloud_250.jpeg,0
cloud/cloud_251.jpeg,0
cloud/cloud_252.jpeg,0
cloud/cloud_253.jpeg,0
cloud/cloud_254.jpeg,0
cloud/cloud_255.jpeg,0
cloud/cloud_256.jpeg,0
cloud/cloud_257.jpeg,0
cloud/cloud_258.jpeg,0
cloud/cloud_259.jpeg,0
cloud/cloud_26.jpeg,0
cloud/cloud_260.jpeg,0
cloud/cloud_261.jpeg,0
cloud/cloud_262.jpeg,0
cloud/cloud_263.jpeg,0
cloud/cloud_264.jpeg,0
cloud/cloud_265.jpeg,0
cloud/cloud_266.jpeg,0
cloud/cloud_267.jpeg,0
cloud/cloud_268.jpeg,0
cloud/cloud_269.jpeg,0
cloud/cloud_27.jpeg,0
cloud/cloud_270.jpeg,0
cloud/cloud_271.jpeg,0
cloud/cloud_272.jpeg,0
cloud/cloud_273.jpeg,0
cloud/cloud_274.jpeg,0
cloud/cloud_275.jpeg,0
cloud/cloud_276.jpeg,0
cloud/cloud_277.jpeg,0
cloud/cloud_278.jpeg,0
cloud/cloud_279.jpeg,0
cloud/cloud_28.jpeg,0
cloud/cloud_280.jpeg,0
cloud/cloud_281.jpeg,0
cloud/cloud_282.jpeg,0
cloud/cloud_283.jpeg,0
cloud/cloud_284.jpeg,0
cloud/cloud_285.jpeg,0
cloud/cloud_286.jpeg,0
cloud/cloud_287.jpeg,0
cloud/cloud_288.jpeg,0
cloud/cloud_289.jpeg,0
cloud/cloud_29.jpeg,0
cloud/cloud_290.jpeg,0
cloud/cloud_291.jpeg,0
cloud/cloud_292.jpeg,0
cloud/cloud_293.jpeg,0
cloud/cloud_294.jpeg,0
cloud/cloud_295.jpeg,0
cloud/cloud_296.jpeg,0
cloud/cloud_297.jpeg,0
cloud/cloud_298.jpeg,0
cloud/cloud_299.jpeg,0
cloud/cloud_3.jpeg,0
cloud/cloud_30.jpeg,0
cloud/cloud_31.jpeg,0
cloud/cloud_32.jpeg,0
cloud/cloud_33.jpeg,0
cloud/cloud_34.jpeg,0
cloud/cloud_35.jpeg,0
cloud/cloud_36.jpeg,0
cloud/cloud_37.jpeg,0
cloud/cloud_38.jpeg,0
cloud/cloud_39.jpeg,0
cloud/cloud_4.jpeg,0
cloud/cloud_40.jpeg,0
cloud/cloud_41.jpeg,0
cloud/cloud_42.jpeg,0
cloud/cloud_43.jpeg,0
cloud/cloud_44.jpeg,0
cloud/cloud_45.jpeg,0
cloud/cloud_46.jpeg,0
cloud/cloud_47.jpeg,0
cloud/cloud_48.jpeg,0
cloud/cloud_49.jpeg,0
cloud/cloud_5.jpeg,0
cloud/cloud_50.jpeg,0
cloud/cloud_51.jpeg,0
cloud/cloud_52.jpeg,0
cloud/cloud_53.jpeg,0
cloud/cloud_54.jpeg,0
cloud/cloud_55.jpeg,0
cloud/cloud_56.jpeg,0
cloud/cloud_57.jpeg,0
cloud/cloud_58.jpeg,0
cloud/cloud_59.jpeg,0
cloud/cloud_6.jpeg,0
cloud/cloud_60.jpeg,0
cloud/cloud_61.jpeg,0
cloud/cloud_62.jpeg,0
cloud/cloud_63.jpeg,0
cloud/cloud_64.jpeg,0
cloud/cloud_65.jpeg,0
cloud/cloud_66.jpeg,0
cloud/cloud_67.jpeg,0
cloud/cloud_68.jpeg,0
cloud/cloud_69.jpeg,0
cloud/cloud_7.jpeg,0
cloud/cloud_70.jpeg,0
cloud/cloud_71.jpeg,0
cloud/cloud_72.jpeg,0
cloud/cloud_73.jpeg,0
cloud/cloud_74.jpeg,0
cloud/cloud_75.jpeg,0
cloud/cloud_76.jpeg,0
cloud/cloud_77.jpeg,0
cloud/cloud_78.jpeg,0
cloud/cloud_79.jpeg,0
cloud/cloud_8.jpeg,0
cloud/cloud_80.jpeg,0
cloud/cloud_81.jpeg,0
cloud/cloud_82.jpeg,0
cloud/cloud_83.jpeg,0
cloud/cloud_84.jpeg,0
cloud/cloud_85.jpeg,0
cloud/cloud_86.jpeg,0
cloud/cloud_87.jpeg,0
cloud/cloud_88.jpeg,0
cloud/cloud_89.jpeg,0
cloud/cloud_9.jpeg,0
cloud/cloud_90.jpeg,0
cloud/cloud_91.jpeg,0
cloud/cloud_92.jpeg,0
cloud/cloud_93.jpeg,0
cloud/cloud_94.jpeg,0
cloud/cloud_95.jpeg,0
cloud/cloud_96.jpeg,0
cloud/cloud_97.jpeg,0
cloud/cloud_98.jpeg,0
cloud/cloud_99.jpeg,0
rain/rain_0.jpeg,1
rain/rain_1.jpeg,1
rain/rain_10.jpeg,1
rain/rain_100.jpeg,1
rain/rain_101.jpeg,1
rain/rain_102.jpeg,1
rain/rain_103.jpeg,1
rain/rain_104.jpeg,1
rain/rain_105.jpeg,1
rain/rain_106.jpeg,1
rain/rain_107.jpeg,1
rain/rain_108.jpeg,1
rain/rain_109.jpeg,1
rain/rain_11.jpeg,1
rain/rain_110.jpeg,1
rain/rain_111.jpeg,1
rain/rain_112.jpeg,1
rain/rain_113.jpeg,1
rain/rain_114.jpeg,1
rain/rain_115.jpeg,1
rain/rain_116.jpeg,1
rain/rain_117.jpeg,1
rain/rain_118.jpeg,1
rain/rain_119.jpeg,1
rain/rain_12.jpeg,1
rain/rain_120.jpeg,1
rain/rain_121.jpeg,1
rain/rain_122.jpeg,1
rain/rain_123.jpeg,1
rain/rain_124.jpeg,1
rain/rain_125.jpeg,1
rain/rain_126.jpeg,1
rain/rain_127.jpeg,1
rain/rain_128.jpeg,1
rain/rain_129.jpeg,1
rain/rain_13.jpeg,1
rain/rain_130.jpeg,1
rain/rain_131.jpeg,1
rain/rain_132.jpeg,1
rain/rain_133.jpeg,1
rain/rain_134.jpeg,1
rain/rain_135.jpeg,1
rain/rain_136.jpeg,1
rain/rain_137.jpeg,1
rain/rain_138.jpeg,1
rain/rain_139.jpeg,1
rain/rain_14.jpeg,1
rain/rain_140.jpeg,1
rain/rain_141.jpeg,1
rain/rain_142.jpeg,1
rain/rain_143.jpeg,1
rain/rain_144.jpeg,1
rain/rain_145.jpeg,1
rain/rain_146.jpeg,1
rain/rain_147.jpeg,1
rain/rain_148.jpeg,1
rain/rain_149.jpeg,1
rain/rain_15.jpeg,1
rain/rain_150.jpeg,1
rain/rain_151.jpeg,1
rain/rain_152.jpeg,1
rain/rain_153.jpeg,1
rain/rain_154.jpeg,1
rain/rain_155.jpeg,1
rain/rain_156.jpeg,1
rain/rain_157.jpeg,1
rain/rain_158.jpeg,1
rain/rain_159.jpeg,1
rain/rain_16.jpeg,1
rain/rain_160.jpeg,1
rain/rain_161.jpeg,1
rain/rain_162.jpeg,1
rain/rain_163.jpeg,1
rain/rain_164.jpeg,1
rain/rain_165.jpeg,1
rain/rain_166.jpeg,1
rain/rain_167.jpeg,1
rain/rain_168.jpeg,1
rain/rain_169.jpeg,1
rain/rain_17.jpeg,1
rain/rain_170.jpeg,1
rain/rain_171.jpeg,1
rain/rain_172.jpeg,1
rain/rain_173.jpeg,1
rain/rain_174.jpeg,1
rain/rain_175.jpeg,1
rain/rain_176.jpeg,1
rain/rain_177.jpeg,1
rain/rain_178.jpeg,1
rain/rain_179.jpeg,1
rain/rain_18.jpeg,1
rain/rain_180.jpeg,1
rain/rain_181.jpeg,1
rain/rain_182.jpeg,1
rain/rain_183.jpeg,1
rain/rain_184.jpeg,1
rain/rain_185.jpeg,1
rain/rain_186.jpeg,1
rain/rain_187.jpeg,1
rain/rain_188.jpeg,1
rain/rain_189.jpeg,1
rain/rain_19.jpeg,1
rain/rain_190.jpeg,1
rain/rain_191.jpeg,1
rain/rain_192.jpeg,1
rain/rain_193.jpeg,1
rain/rain_194.jpeg,1
rain/rain_195.jpeg,1
rain/rain_196.jpeg,1
rain/rain_197.jpeg,1
rain/rain_198.jpeg,1
rain/rain_199.jpeg,1
rain/rain_2.jpeg,1
rain/rain_20.jpeg,1
rain/rain_200.jpeg,1
rain/rain_201.jpeg,1
rain/rain_202.jpeg,1
rain/rain_203.jpeg,1
rain/rain_204.jpeg,1
rain/rain_205.jpeg,1
rain/rain_206.jpeg,1
rain/rain_207.jpeg,1
rain/rain_208.jpeg,1
rain/rain_209.jpeg,1
rain/rain_21.jpeg,1
rain/rain_210.jpeg,1
rain/rain_211.jpeg,1
rain/rain_212.jpeg,1
rain/rain_213.jpeg,1
rain/rain_22.jpeg,1
rain/rain_23.jpeg,1
rain/rain_24.jpeg,1
rain/rain_25.jpeg,1
rain/rain_26.jpeg,1
rain/rain_27.jpeg,1
rain/rain_28.jpeg,1
rain/rain_29.jpeg,1
rain/rain_3.jpeg,1
rain/rain_30.jpeg,1
rain/rain_31.jpeg,1
rain/rain_32.jpeg,1
rain/rain_33.jpeg,1
rain/rain_34.jpeg,1
rain/rain_35.jpeg,1
rain/rain_36.jpeg,1
rain/rain_37.jpeg,1
rain/rain_38.jpeg,1
rain/rain_39.jpeg,1
rain/rain_4.jpeg,1
rain/rain_40.jpeg,1
rain/rain_41.jpeg,1
rain/rain_42.jpeg,1
rain/rain_43.jpeg,1
rain/rain_44.jpeg,1
rain/rain_45.jpeg,1
rain/rain_46.jpeg,1
rain/rain_47.jpeg,1
rain/rain_48.jpeg,1
rain/rain_49.jpeg,1
rain/rain_5.jpeg,1
rain/rain_50.jpeg,1
rain/rain_51.jpeg,1
rain/rain_52.jpeg,1
rain/rain_53.jpeg,1
rain/rain_54.jpeg,1
rain/rain_55.jpeg,1
rain/rain_56.jpeg,1
rain/rain_57.jpeg,1
rain/rain_58.jpeg,1
rain/rain_59.jpeg,1
rain/rain_6.jpeg,1
rain/rain_60.jpeg,1
rain/rain_61.jpeg,1
rain/rain_62.jpeg,1
rain/rain_63.jpeg,1
rain/rain_64.jpeg,1
rain/rain_65.jpeg,1
rain/rain_66.jpeg,1
rain/rain_67.jpeg,1
rain/rain_68.jpeg,1
rain/rain_69.jpeg,1
rain/rain_7.jpeg,1
rain/rain_70.jpeg,1
rain/rain_71.jpeg,1
rain/rain_72.jpeg,1
rain/rain_73.jpeg,1
rain/rain_74.jpeg,1
rain/rain_75.jpeg,1
rain/rain_76.jpeg,1
rain/rain_77.jpeg,1
rain/rain_78.jpeg,1
rain/rain_79.jpeg,1
rain/rain_8.jpeg,1
rain/rain_80.jpeg,1
rain/rain_81.jpeg,1
rain/rain_82.jpeg,1
rain/rain_83.jpeg,1
rain/rain_84.jpeg,1
rain/rain_85.jpeg,1
rain/rain_86.jpeg,1
rain/rain_87.jpeg,1
rain/rain_88.jpeg,1
rain/rain_89.jpeg,1
rain/rain_9.jpeg,1
rain/rain_90.jpeg,1
rain/rain_91.jpeg,1
rain/rain_92.jpeg,1
rain/rain_93.jpeg,1
rain/rain_94.jpeg,1
rain/rain_95.jpeg,1
rain/rain_96.jpeg,1
rain/rain_97.jpeg,1
rain/rain_98.jpeg,1
rain/rain_99.jpeg,1
shine/shine_0.jpeg,2
shine/shine_1.jpeg,2
shine/shine_10.jpeg,2
shine/shine_100.jpeg,2
shine/shine_101.jpeg,2
shine/shine_102.jpeg,2
shine/shine_103.jpeg,2
shine/shine_104.jpeg,2
shine/shine_105.jpeg,2
shine/shine_106.jpeg,2
shine/shine_107.jpeg,2
shine/shine_108.jpeg,2
shine/shine_109.jpeg,2
shine/shine_11.jpeg,2
shine/shine_110.jpeg,2
shine/shine_111.jpeg,2
shine/shine_112.jpeg,2
shine/shine_113.jpeg,2
shine/shine_114.jpeg,2
shine/shine_115.jpeg,2
shine/shine_116.jpeg,2
shine/shine_117.jpeg,2
shine/shine_118.jpeg,2
shine/shine_119.jpeg,2
shine/shine_12.jpeg,2
shine/shine_120.jpeg,2
shine/shine_121.jpeg,2
shine/shine_122.jpeg,2
shine/shine_123.jpeg,2
shine/shine_124.jpeg,2
shine/shine_125.jpeg,2
shine/shine_126.jpeg,2
shine/shine_127.jpeg,2
shine/shine_128.jpeg,2
shine/shine_129.jpeg,2
shine/shine_13.jpeg,2
shine/shine_130.jpeg,2
shine/shine_131.jpeg,2
shine/shine_132.jpeg,2
shine/shine_133.jpeg,2
shine/shine_134.jpeg,2
shine/shine_135.jpeg,2
shine/shine_136.jpeg,2
shine/shine_137.jpeg,2
shine/shine_138.jpeg,2
shine/shine_139.jpeg,2
shine/shine_14.jpeg,2
shine/shine_140.jpeg,2
shine/shine_141.jpeg,2
shine/shine_142.jpeg,2
shine/shine_143.jpeg,2
shine/shine_144.jpeg,2
shine/shine_145.jpeg,2
shine/shine_146.jpeg,2
shine/shine_147.jpeg,2
shine/shine_148.jpeg,2
shine/shine_149.jpeg,2
shine/shine_15.jpeg,2
shine/shine_150.jpeg,2
shine/shine_151.jpeg,2
shine/shine_152.jpeg,2
shine/shine_153.jpeg,2
shine/shine_154.jpeg,2
shine/shine_155.jpeg,2
shine/shine_156.jpeg,2
shine/shine_157.jpeg,2
shine/shine_158.jpeg,2
shine/shine_159.jpeg,2
shine/shine_16.jpeg,2
shine/shine_160.jpeg,2
shine/shine_161.jpeg,2
shine/shine_162.jpeg,2
shine/shine_163.jpeg,2
shine/shine_164.jpeg,2
shine/shine_165.jpeg,2
shine/shine_166.jpeg,2
shine/shine_167.jpeg,2
shine/shine_168.jpeg,2
shine/shine_169.jpeg,2
shine/shine_17.jpeg,2
shine/shine_170.jpeg,2
shine/shine_171.jpeg,2
shine/shine_172.jpeg,2
shine/shine_173.jpeg,2
shine/shine_174.jpeg,2
shine/shine_175.jpeg,2
shine/shine_176.jpeg,2
shine/shine_177.jpeg,2
shine/shine_178.jpeg,2
shine/shine_179.jpeg,2
shine/shine_18.jpeg,2
shine/shine_180.jpeg,2
shine/shine_181.jpeg,2
shine/shine_182.jpeg,2
shine/shine_183.jpeg,2
shine/shine_184.jpeg,2
shine/shine_185.jpeg,2
shine/shine_186.jpeg,2
shine/shine_187.jpeg,2
shine/shine_188.jpeg,2
shine/shine_189.jpeg,2
shine/shine_19.jpeg,2
shine/shine_190.jpeg,2
shine/shine_191.jpeg,2
shine/shine_192.jpeg,2
shine/shine_193.jpeg,2
shine/shine_194.jpeg,2
shine/shine_195.jpeg,2
shine/shine_196.jpeg,2
shine/shine_197.jpeg,2
shine/shine_198.jpeg,2
shine/shine_199.jpeg,2
shine/shine_2.jpeg,2
shine/shine_20.jpeg,2
shine/shine_200.jpeg,2
shine/shine_201.jpeg,2
shine/shine_202.jpeg,2
shine/shine_203.jpeg,2
shine/shine_204.jpeg,2
shine/shine_205.jpeg,2
shine/shine_206.jpeg,2
shine/shine_207.jpeg,2
shine/shine_208.jpeg,2
shine/shine_209.jpeg,2
shine/shine_21.jpeg,2
shine/shine_210.jpeg,2
shine/shine_211.jpeg,2
shine/shine_212.jpeg,2
shine/shine_213.jpeg,2
shine/shine_214.jpeg,2
shine/shine_215.jpeg,2
shine/shine_216.jpeg,2
shine/shine_217.jpeg,2
shine/shine_218.jpeg,2
shine/shine_219.jpeg,2
shine/shine_22.jpeg,2
shine/shine_220.jpeg,2
shine/shine_221.jpeg,2
shine/shine_222.jpeg,2
shine/shine_223.jpeg,2
shine/shine_224.jpeg,2
shine/shine_225.jpeg,2
shine/shine_226.jpeg,2
shine/shine_227.jpeg,2
shine/shine_228.jpeg,2
shine/shine_229.jpeg,2
shine/shine_23.jpeg,2
shine/shine_230.jpeg,2
shine/shine_231.jpeg,2
shine/shine_232.jpeg,2
shine/shine_233.jpeg,2
shine/shine_234.jpeg,2
shine/shine_235.jpeg,2
shine/shine_236.jpeg,2
shine/shine_237.jpeg,2
shine/shine_238.jpeg,2
shine/shine_239.jpeg,2
shine/shine_24.jpeg,2
shine/shine_240.jpeg,2
shine/shine_241.jpeg,2
shine/shine_242.jpeg,2
shine/shine_243.jpeg,2
shine/shine_244.jpeg,2
shine/shine_245.jpeg,2
shine/shine_246.jpeg,2
shine/shine_247.jpeg,2
shine/shine_248.jpeg,2
shine/shine_249.jpeg,2
shine/shine_25.jpeg,2
shine/shine_250.jpeg,2
shine/shine_251.jpeg,2
shine/shine_26.jpeg,2
shine/shine_27.jpeg,2
shine/shine_28.jpeg,2
shine/shine_29.jpeg,2
shine/shine_3.jpeg,2
shine/shine_30.jpeg,2
shine/shine_31.jpeg,2
shine/shine_32.jpeg,2
shine/shine_33.jpeg,2
shine/shine_34.jpeg,2
shine/shine_35.jpeg,2
shine/shine_36.jpeg,2
shine/shine_37.jpeg,2
shine/shine_38.jpeg,2
shine/shine_39.jpeg,2
shine/shine_4.jpeg,2
shine/shine_40.jpeg,2
shine/shine_41.jpeg,2
shine/shine_42.jpeg,2
shine/shine_43.jpeg,2
shine/shine_44.jpeg,2
shine/shine_45.jpeg,2
shine/shine_46.jpeg,2
shine/shine_47.jpeg,2
shine/shine_48.jpeg,2
shine/shine_49.jpeg,2
shine/shine_5.jpeg,2
shine/shine_50.jpeg,2
shine/shine_51.jpeg,2
shine/shine_52.jpeg,2
shine/shine_53.jpeg,2
shine/shine_54.jpeg,2
shine/shine_55.jpeg,2
shine/shine_56.jpeg,2
shine/shine_57.jpeg,2
shine/shine_58.jpeg,2
shine/shine_59.jpeg,2
shine/shine_6.jpeg,2
shine/shine_60.jpeg,2
shine/shine_61.jpeg,2
shine/shine_62.jpeg,2
shine/shine_63.jpeg,2
shine/shine_64.jpeg,2
shine/shine_65.jpeg,2
shine/shine_66.jpeg,2
shine/shine_67.jpeg,2
shine/shine_68.jpeg,2
shine/shine_69.jpeg,2
shine/shine_7.jpeg,2
shine/shine_70.jpeg,2
shine/shine_71.jpeg,2
shine/shine_72.jpeg,2
shine/shine_73.jpeg,2
shine/shine_74.jpeg,2
shine/shine_75.jpeg,2
shine/shine_76.jpeg,2
shine/shine_77.jpeg,2
shine/shine_78.jpeg,2
shine/shine_79.jpeg,2
shine/shine_8.jpeg,2
shine/shine_80.jpeg,2
shine/shine_81.jpeg,2
shine/shine_82.jpeg,2
shine/shine_83.jpeg,2
shine/shine_84.jpeg,2
shine/shine_85.jpeg,2
shine/shine_86.jpeg,2
shine/shine_87.jpeg,2
shine/shine_88.jpeg,2
shine/shine_89.jpeg,2
shine/shine_9.jpeg,2
shine/shine_90.jpeg,2
shine/shine_91.jpeg,2
shine/shine_92.jpeg,2
shine/shine_93.jpeg,2
shine/shine_94.jpeg,2
shine/shine_95.jpeg,2
shine/shine_96.jpeg,2
shine/shine_97.jpeg,2
shine/shine_98.jpeg,2
shine/shine_99.jpeg,2
sunrise/sunrise_0.jpeg,3
sunrise/sunrise_1.jpeg,3
sunrise/sunrise_10.jpeg,3
sunrise/sunrise_100.jpeg,3
sunrise/sunrise_101.jpeg,3
sunrise/sunrise_102.jpeg,3
sunrise/sunrise_103.jpeg,3
sunrise/sunrise_104.jpeg,3
sunrise/sunrise_105.jpeg,3
sunrise/sunrise_106.jpeg,3
sunrise/sunrise_107.jpeg,3
sunrise/sunrise_108.jpeg,3
sunrise/sunrise_109.jpeg,3
sunrise/sunrise_11.jpeg,3
sunrise/sunrise_110.jpeg,3
sunrise/sunrise_111.jpeg,3
sunrise/sunrise_112.jpeg,3
sunrise/sunrise_113.jpeg,3
sunrise/sunrise_114.jpeg,3
sunrise/sunrise_115.jpeg,3
sunrise/sunrise_116.jpeg,3
sunrise/sunrise_117.jpeg,3
sunrise/sunrise_118.jpeg,3
sunrise/sunrise_119.jpeg,3
sunrise/sunrise_12.jpeg,3
sunrise/sunrise_120.jpeg,3
sunrise/sunrise_121.jpeg,3
sunrise/sunrise_122.jpeg,3
sunrise/sunrise_123.jpeg,3
sunrise/sunrise_124.jpeg,3
sunrise/sunrise_125.jpeg,3
sunrise/sunrise_126.jpeg,3
sunrise/sunrise_127.jpeg,3
sunrise/sunrise_128.jpeg,3
sunrise/sunrise_129.jpeg,3
sunrise/sunrise_13.jpeg,3
sunrise/sunrise_130.jpeg,3
sunrise/sunrise_131.jpeg,3
sunrise/sunrise_132.jpeg,3
sunrise/sunrise_133.jpeg,3
sunrise/sunrise_134.jpeg,3
sunrise/sunrise_135.jpeg,3
sunrise/sunrise_136.jpeg,3
sunrise/sunrise_137.jpeg,3
sunrise/sunrise_138.jpeg,3
sunrise/sunrise_139.jpeg,3
sunrise/sunrise_14.jpeg,3
sunrise/sunrise_140.jpeg,3
sunrise/sunrise_141.jpeg,3
sunrise/sunrise_142.jpeg,3
sunrise/sunrise_143.jpeg,3
sunrise/sunrise_144.jpeg,3
sunrise/sunrise_145.jpeg,3
sunrise/sunrise_146.jpeg,3
sunrise/sunrise_147.jpeg,3
sunrise/sunrise_148.jpeg,3
sunrise/sunrise_149.jpeg,3
sunrise/sunrise_15.jpeg,3
sunrise/sunrise_150.jpeg,3
sunrise/sunrise_151.jpeg,3
sunrise/sunrise_152.jpeg,3
sunrise/sunrise_153.jpeg,3
sunrise/sunrise_154.jpeg,3
sunrise/sunrise_155.jpeg,3
sunrise/sunrise_156.jpeg,3
sunrise/sunrise_157.jpeg,3
sunrise/sunrise_158.jpeg,3
sunrise/sunrise_159.jpeg,3
sunrise/sunrise_16.jpeg,3
sunrise/sunrise_160.jpeg,3
sunrise/sunrise_161.jpeg,3
sunrise/sunrise_162.jpeg,3
sunrise/sunrise_163.jpeg,3
sunrise/sunrise_164.jpeg,3
sunrise/sunrise_165.jpeg,3
sunrise/sunrise_166.jpeg,3
sunrise/sunrise_167.jpeg,3
sunrise/sunrise_168.jpeg,3
sunrise/sunrise_169.jpeg,3
sunrise/sunrise_17.jpeg,3
sunrise/sunrise_170.jpeg,3
sunrise/sunrise_171.jpeg,3
sunrise/sunrise_172.jpeg,3
sunrise/sunrise_173.jpeg,3
sunrise/sunrise_174.jpeg,3
sunrise/sunrise_175.jpeg,3
sunrise/sunrise_176.jpeg,3
sunrise/sunrise_177.jpeg,3
sunrise/sunrise_178.jpeg,3
sunrise/sunrise_179.jpeg,3
sunrise/sunrise_18.jpeg,3
sunrise/sunrise_180.jpeg,3
sunrise/sunrise_181.jpeg,3
sunrise/sunrise_182.jpeg,3
sunrise/sunrise_183.jpeg,3
sunrise/sunrise_184.jpeg,3
sunrise/sunrise_185.jpeg,3
sunrise/sunrise_186.jpeg,3
sunrise/sunrise_187.jpeg,3
sunrise/sunrise_188.jpeg,3
sunrise/sunrise_189.jpeg,3
sunrise/sunrise_19.jpeg,3
sunrise/sunrise_190.jpeg,3
sunrise/sunrise_191.jpeg,3
sunrise/sunrise_192.jpeg,3
sunrise/sunrise_193.jpeg,3
sunrise/sunrise_194.jpeg,3
sunrise/sunrise_195.jpeg,3
sunrise/sunrise_196.jpeg,3
sunrise/sunrise_197.jpeg,3
sunrise/sunrise_198.jpeg,3
sunrise/sunrise_199.jpeg,3
sunrise/sunrise_2.jpeg,3
sunrise/sunrise_20.jpeg,3
sunrise/sunrise_200.jpeg,3
sunrise/sunrise_201.jpeg,3
sunrise/sunrise_202.jpeg,3
sunrise/sunrise_203.jpeg,3
sunrise/sunrise_204.jpeg,3
sunrise/sunrise_205.jpeg,3
sunrise/sunrise_206.jpeg,3
sunrise/sunrise_207.jpeg,3
sunrise/sunrise_208.jpeg,3
sunrise/sunrise_209.jpeg,3
sunrise/sunrise_21.jpeg,3
sunrise/sunrise_210.jpeg,3
sunrise/sunrise_211.jpeg,3
sunrise/sunrise_212.jpeg,3
sunrise/sunrise_213.jpeg,3
sunrise/sunrise_214.jpeg,3
sunrise/sunrise_215.jpeg,3
sunrise/sunrise_216.jpeg,3
sunrise/sunrise_217.jpeg,3
sunrise/sunrise_218.jpeg,3
sunrise/sunrise_219.jpeg,3
sunrise/sunrise_22.jpeg,3
sunrise/sunrise_220.jpeg,3
sunrise/sunrise_221.jpeg,3
sunrise/sunrise_222.jpeg,3
sunrise/sunrise_223.jpeg,3
sunrise/sunrise_224.jpeg,3
sunrise/sunrise_225.jpeg,3
sunrise/sunrise_226.jpeg,3
sunrise/sunrise_227.jpeg,3
sunrise/sunrise_228.jpeg,3
sunrise/sunrise_229.jpeg,3
sunrise/sunrise_23.jpeg,3
sunrise/sunrise_230.jpeg,3
sunrise/sunrise_231.jpeg,3
sunrise/sunrise_232.jpeg,3
sunrise/sunrise_233.jpeg,3
sunrise/sunrise_234.jpeg,3
sunrise/sunrise_235.jpeg,3
sunrise/sunrise_236.jpeg,3
sunrise/sunrise_237.jpeg,3
sunrise/sunrise_238.jpeg,3
sunrise/sunrise_239.jpeg,3
sunrise/sunrise_24.jpeg,3
sunrise/sunrise_240.jpeg,3
sunrise/sunrise_241.jpeg,3
sunrise/sunrise_242.jpeg,3
sunrise/sunrise_243.jpeg,3
sunrise/sunrise_244.jpeg,3
sunrise/sunrise_245.jpeg,3
sunrise/sunrise_246.jpeg,3
sunrise/sunrise_247.jpeg,3
sunrise/sunrise_248.jpeg,3
sunrise/sunrise_249.jpeg,3
sunrise/sunrise_25.jpeg,3
sunrise/sunrise_250.jpeg,3
sunrise/sunrise_251.jpeg,3
sunrise/sunrise_252.jpeg,3
sunrise/sunrise_253.jpeg,3
sunrise/sunrise_254.jpeg,3
sunrise/sunrise_255.jpeg,3
sunrise/sunrise_256.jpeg,3
sunrise/sunrise_257.jpeg,3
sunrise/sunrise_258.jpeg,3
sunrise/sunrise_259.jpeg,3
sunrise/sunrise_26.jpeg,3
sunrise/sunrise_260.jpeg,3
sunrise/sunrise_261.jpeg,3
sunrise/sunrise_262.jpeg,3
sunrise/sunrise_263.jpeg,3
sunrise/sunrise_264.jpeg,3
sunrise/sunrise_265.jpeg,3
sunrise/sunrise_266.jpeg,3
sunrise/sunrise_267.jpeg,3
sunrise/sunrise_268.jpeg,3
sunrise/sunrise_269.jpeg,3
sunrise/sunrise_27.jpeg,3
sunrise/sunrise_270.jpeg,3
sunrise/sunrise_271.jpeg,3
sunrise/sunrise_272.jpeg,3
sunrise/sunrise_273.jpeg,3
sunrise/sunrise_274.jpeg,3
sunrise/sunrise_275.jpeg,3
sunrise/sunrise_276.jpeg,3
sunrise/sunrise_277.jpeg,3
sunrise/sunrise_278.jpeg,3
sunrise/sunrise_279.jpeg,3
sunrise/sunrise_28.jpeg,3
sunrise/sunrise_280.jpeg,3
sunrise/sunrise_281.jpeg,3
sunrise/sunrise_282.jpeg,3
sunrise/sunrise_283.jpeg,3
sunrise/sunrise_284.jpeg,3
sunrise/sunrise_285.jpeg,3
sunrise/sunrise_286.jpeg,3
sunrise/sunrise_287.jpeg,3
sunrise/sunrise_288.jpeg,3
sunrise/sunrise_289.jpeg,3
sunrise/sunrise_29.jpeg,3
sunrise/sunrise_290.jpeg,3
sunrise/sunrise_291.jpeg,3
sunrise/sunrise_292.jpeg,3
sunrise/sunrise_293.jpeg,3
sunrise/sunrise_294.jpeg,3
sunrise/sunrise_295.jpeg,3
sunrise/sunrise_296.jpeg,3
sunrise/sunrise_297.jpeg,3
sunrise/sunrise_298.jpeg,3
sunrise/sunrise_299.jpeg,3
sunrise/sunrise_3.jpeg,3
sunrise/sunrise_30.jpeg,3
sunrise/sunrise_300.jpeg,3
sunrise/sunrise_301.jpeg,3
sunrise/sunrise_302.jpeg,3
sunrise/sunrise_303.jpeg,3
sunrise/sunrise_304.jpeg,3
sunrise/sunrise_305.jpeg,3
sunrise/sunrise_306.jpeg,3
sunrise/sunrise_307.jpeg,3
sunrise/sunrise_308.jpeg,3
sunrise/sunrise_309.jpeg,3
sunrise/sunrise_31.jpeg,3
sunrise/sunrise_310.jpeg,3
sunrise/sunrise_311.jpeg,3
sunrise/sunrise_312.jpeg,3
sunrise/sunrise_313.jpeg,3
sunrise/sunrise_314.jpeg,3
sunrise/sunrise_315.jpeg,3
sunrise/sunrise_316.jpeg,3
sunrise/sunrise_317.jpeg,3
sunrise/sunrise_318.jpeg,3
sunrise/sunrise_319.jpeg,3
sunrise/sunrise_32.jpeg,3
sunrise/sunrise_320.jpeg,3
sunrise/sunrise_321.jpeg,3
sunrise/sunrise_322.jpeg,3
sunrise/sunrise_323.jpeg,3
sunrise/sunrise_324.jpeg,3
sunrise/sunrise_325.jpeg,3
sunrise/sunrise_326.jpeg,3
sunrise/sunrise_327.jpeg,3
sunrise/sunrise_328.jpeg,3
sunrise/sunrise_329.jpeg,3
sunrise/sunrise_33.jpeg,3
sunrise/sunrise_330.jpeg,3
sunrise/sunrise_331.jpeg,3
sunrise/sunrise_332.jpeg,3
sunrise/sunrise_333.jpeg,3
sunrise/sunrise_334.jpeg,3
sunrise/sunrise_335.jpeg,3
sunrise/sunrise_336.jpeg,3
sunrise/sunrise_337.jpeg,3
sunrise/sunrise_338.jpeg,3
sunrise/sunrise_339.jpeg,3
sunrise/sunrise_34.jpeg,3
sunrise/sunrise_340.jpeg,3
sunrise/sunrise_341.jpeg,3
sunrise/sunrise_342.jpeg,3
sunrise/sunrise_343.jpeg,3
sunrise/sunrise_344.jpeg,3
sunrise/sunrise_345.jpeg,3
sunrise/sunrise_346.jpeg,3
sunrise/sunrise_347.jpeg,3
sunrise/sunrise_348.jpeg,3
sunrise/sunrise_349.jpeg,3
sunrise/sunrise_35.jpeg,3
sunrise/sunrise_350.jpeg,3
sunrise/sunrise_351.jpeg,3
sunrise/sunrise_352.jpeg,3
sunrise/sunrise_353.jpeg,3
sunrise/sunrise_354.jpeg,3
sunrise/sunrise_355.jpeg,3
sunrise/sunrise_356.jpeg,3
sunrise/sunrise_36.jpeg,3
sunrise/sunrise_37.jpeg,3
sunrise/sunrise_38.jpeg,3
sunrise/sunrise_39.jpeg,3
sunrise/sunrise_4.jpeg,3
sunrise/sunrise_40.jpeg,3
sunrise/sunrise_41.jpeg,3
sunrise/sunrise_42.jpeg,3
sunrise/sunrise_43.jpeg,3
sunrise/sunrise_44.jpeg,3
sunrise/sunrise_45.jpeg,3
sunrise/sunrise_46.jpeg,3
sunrise/sunrise_47.jpeg,3
sunrise/sunrise_48.jpeg,3
sunrise/sunrise_49.jpeg,3
sunrise/sunrise_5.jpeg,3
sunrise/sunrise_50.jpeg,3
sunrise/sunrise_51.jpeg,3
sunrise/sunrise_52.jpeg,3
sunrise/sunrise_53.jpeg,3
sunrise/sunrise_54.jpeg,3
sunrise/sunrise_55.jpeg,3
sunrise/sunrise_56.jpeg,3
sunrise/sunrise_57.jpeg,3
sunrise/sunrise_58.jpeg,3
sunrise/sunrise_59.jpeg,3
sunrise/sunrise_6.jpeg,3
sunrise/sunrise_60.jpeg,3
sunrise/sunrise_61.jpeg,3
sunrise/sunrise_62.jpeg,3
sunrise/sunrise_63.jpeg,3
sunrise/sunrise_64.jpeg,3
sunrise/sunrise_65.jpeg,3
sunrise/sunrise_66.jpeg,3
sunrise/sunrise_67.jpeg,3
sunrise/sunrise_68.jpeg,3
sunrise/sunrise_69.jpeg,3
sunrise/sunrise_7.jpeg,3
sunrise/sunrise_70.jpeg,3
sunrise/sunrise_71.jpeg,3
sunrise/sunrise_72.jpeg,3
sunrise/sunrise_73.jpeg,3
sunrise/sunrise_74.jpeg,3
sunrise/sunrise_75.jpeg,3
sunrise/sunrise_76.jpeg,3
sunrise/sunrise_77.jpeg,3
sunrise/sunrise_78.jpeg,3
sunrise/sunrise_79.jpeg,3
sunrise/sunrise_8.jpeg,3
sunrise/sunrise_80.jpeg,3
sunrise/sunrise_81.jpeg,3
sunrise/sunrise_82.jpeg,3
sunrise/sunrise_83.jpeg,3
sunrise/sunrise_84.jpeg,3
sunrise/sunrise_85.jpeg,3
sunrise/sunrise_86.jpeg,3
sunrise/sunrise_87.jpeg,3
sunrise/sunrise_88.jpeg,3
sunrise/sunrise_89.jpeg,3
sunrise/sunrise_9.jpeg,3
sunrise/sunrise_90.jpeg,3
sunrise/sunrise_91.jpeg,3
sunrise/sunrise_92.jpeg,3
sunrise/sunrise_93.jpeg,3
sunrise/sunrise_94.jpeg,3
sunrise/sunrise_95.jpeg,3
sunrise/sunrise_96.jpeg,3
sunrise/sunrise_97.jpeg,3
sunrise/sunrise_98.jpeg,3
sunrise/sunrise_99.jpeg,3
